Nome;Serviços;Telefone;Fax;Email;Website;Aguas, esgotos e drenagem;Ambiente;Arquitetura e Paisagismo;Caracterização e diagnóstico;Electricidade e Comunicações;Estabilidade e obras de arte;Gestão de Projeto;Mecânica;Pavimentos;Segurança contra riscos de incêndio;Sinalização e Equipamento de segurança;Forn ANA;Data de constituição; Capital Social ; Volume de Negócios (€) ;Ano Volume Negócios;Pessoal Permamente Total;CAR;FIS;ARQ;EST;AAD;IEL;MBT;STB;ACV;GAS;AED;SCI;ACU;TER;SEG;SAC;SIN;AMB;GEO;GET;MVT;AEX;TRA;PAV;SHV;SLU;HID;SIV;FAS;SAF;OAT;SIG;TOP;CER;INF;VED;PTL;MPC;TRD;PMO
360 ENGINEERING;Projetos de engenharia civil e consultoria técnica multidisciplinar (estrutura, hidráulica, etc.) EST TRD;215 864 485;;geral@360eng.pt;www.360eng.pt;0;0;0;0;0;1;1;0;0;0;0;;25/10/2017; 5 000 € ; 1 873 901 € ;2024;18;0;0;0;1;0;0;0;0;0;0;0;0;0;0;0;0;0;0;0;0;0;0;0;0;0;0;0;0;0;0;0;0;0;0;0;0;0;0;1;0
A. F. COSTA LOPES;Arquitetura, urbanismo, interiores, planejamento e engenharia (projetos integrados de edifícios);213 827 280;;info@costalopes.com;www.costalopes.com;0;0;1;0;0;0;0;0;0;0;0;;26/10/1999; 150 000 € ; 667 641 € ;2023;9;0;0;1;0;0;0;0;0;0;0;0;0;0;0;0;0;0;0;0;0;0;0;0;0;0;0;0;0;0;0;0;0;0;0;0;0;0;0;0;0
A1V2;Pluridisciplinar: Arquitetura (ARQ), Estruturas (EST), Infraestruturas de águas e drenagem (AAD/AED), AVAC (ACV), Eletricidade (IEL), Segurança incêndio (SCI) etc. (projetos integrados de edifícios, urbanismo, vias férreas/aeroportos);218 438 550;218 438 559;lisboa@a1v2.pt;www.a1v2.pt;1;0;1;0;1;1;0;1;0;1;0;;09/08/1997; 1 336 800 € ; 996 532 € ;2024;17;0;0;1;1;1;1;0;0;1;0;1;1;0;0;0;0;0;0;0;0;0;0;0;0;0;0;0;0;0;0;0;0;0;0;0;0;0;0;0;0
A2P Consult;"Estruturas de engenharia civil (projetos de estabilidade e fundações; obras de arte) – especialidade principal EST (pontes, edifícios em betão/aço)";218 455 040;;geral@a2p.pt;www.a2p.pt;0;0;0;0;0;1;0;0;0;0;0;;08/02/1990; 20 000 € ; 2 134 000 € ;2008;30;0;0;0;1;0;0;0;0;0;0;0;0;0;0;0;0;0;0;0;0;0;0;0;0;0;0;0;0;0;0;1;0;0;0;0;0;0;0;0;0
A4P (anpc);;224 968 853;;geral@anpcengenharia.com;https://www.anpcengenharia.com/;0;0;0;1;0;0;0;0;0;0;0;✓;;;;;;1;0;0;0;0;0;0;0;0;0;0;0;0;0;0;0;0;0;0;0;0;0;0;0;0;0;0;0;0;0;0;0;0;0;0;0;0;0;0;0
A400;Pluridisciplinar: Projetos de engenharia integrados (especialidades de estruturas, geotecnia, hidráulica, eletricidade, AVAC, etc. – exceto arquitetura) em edifícios e infraestruturas;226 073 720;;a400@a400.pt;www.a400.pt;1;0;0;0;1;1;0;1;1;0;0;;31/08/1995; 14 964 € ; 8 752 091 € ;2024;108;0;0;0;1;1;1;0;0;1;0;1;0;0;0;0;0;0;0;0;1;0;0;0;0;0;0;0;0;0;0;0;0;0;0;0;0;0;0;0;0
Acet;"Instalações especiais: Projetos de climatização e mecânica (AVAC), gás, térmica (TER), gestão de manutenção; coordenação/fiscalização de obras";219 178 990;;acet.geral@acet.pt;www.acet.pt;0;0;0;0;0;0;1;1;1;0;0;;31/01/1994; 5 000 € ; 946 034 € ;2023;11;0;1;0;0;0;0;0;0;1;0;0;0;0;1;0;0;0;0;0;0;0;0;0;0;0;0;0;0;0;0;0;0;0;0;0;0;0;0;0;0
ACCIONA facility Services;;;;;https://solucoes.acciona-energia.com/;0;0;0;0;0;0;0;0;0;0;0;✓;;;;;;0;0;0;0;0;0;0;0;0;0;0;0;0;0;0;0;0;0;0;0;0;0;0;0;0;0;0;0;0;0;0;0;0;0;0;0;0;0;0;0
Action Modulers;;261 813 660;;geral@actionmodulers.pt;https://actionmodulers.pt/;0;0;0;0;0;0;0;0;0;1;0;✓;26/06/1905;;;;;0;0;0;0;0;0;0;0;0;0;0;1;0;0;0;0;0;0;0;0;0;0;0;0;0;0;0;0;0;0;0;0;0;0;0;0;0;0;0;0
ACRIBIA;Desenho técnico e elaboração de projetos de engenharia (desenvolvimento de peças desenhadas de arquitetura/engenharia);219 403 173;219 403 175;geral@acribia.pt;www.acribia.pt;0;0;0;0;0;0;0;0;0;0;0;;08/09/1995; 50 000 € ; 720 000 € ;2023;10;0;0;0;0;0;0;0;0;0;0;0;0;0;0;0;0;0;0;0;0;0;0;0;0;0;0;0;0;0;0;0;0;0;0;0;0;0;0;0;0
ADÃO DA FONSECA;Consultoria e projetos de estruturas (pontes, edifícios especiais) e gestão da qualidade em engenharia civil – especialidade EST (incl. obras de arte – OAT);226 155 855;226 155 856;adf@adfconsultores.com;www.adfconsultores.com;0;0;0;0;0;1;0;0;0;0;0;;19/07/2006; 16 800 € ; 3 423 297 € ;2024;25;0;0;0;1;0;0;0;0;0;0;0;0;0;0;0;0;0;0;0;0;0;0;0;0;0;0;0;0;0;0;1;0;0;0;0;0;0;0;0;0
ADFGEO;Geotecnia e geologia: Estudos/projetos geotécnicos (fundações, contenções) – especialidades GET/GEO;226 155 855;226 155 856;adf@adfconsultores.com;www.adfconsultores.com;0;0;0;0;0;0;0;0;1;0;0;;18/10/2011; 5 000 € ; 851 362 € ;2024;5;0;0;0;0;0;0;0;0;0;0;0;0;0;0;0;0;0;0;1;1;0;0;0;0;0;0;0;0;0;0;0;0;0;0;0;0;0;0;0;0
Afavias - Engenharia E Construções;;291911010;;geralafa@afa.pt;https://afa.pt/engenharia-e-construcao/afavias/;0;0;0;0;0;0;0;0;1;0;0;✓;;;;;;0;0;0;0;0;0;0;0;0;0;0;0;0;0;0;0;0;0;0;0;0;0;0;1;0;0;0;0;0;0;0;0;0;0;0;0;0;0;0;0
AFACONSULT;Pluridisciplinar: Projetos de estruturas (EST), hidráulica (AAD/AED), eletromecânicas (ACV, IEL, GAS, SCI), eficiência energética (TER), etc. em edifícios e obras de grande porte;223 776 700;;info@afaconsult.com;www.afaconsult.com;1;0;0;0;1;1;0;1;1;1;0;;13/01/1999; 50 000 € ; 3 289 487 € ;2022;43;0;0;0;1;1;1;0;0;1;1;1;1;0;1;0;0;0;0;0;0;0;0;0;0;0;0;0;0;0;0;0;0;0;0;0;0;0;0;0;0
AFAPLAN ;Gestão de projetos e fiscalização de obras (planeamento, controle de custos/prazos) – não executa projetos de especialidade;223 776 780;223 776 772;info@afaplan.com;www.afaplan.com;0;0;0;0;0;0;0;0;0;0;0;;23/06/1994; 50 000 € ; 33 400 000 € ;2024;300;0;0;0;0;0;0;0;0;0;0;0;0;0;0;0;0;0;0;0;0;0;0;0;0;0;0;0;0;0;0;0;0;0;0;0;0;0;0;0;0
AGRI-PRO;Consultoria ambiental e agronómica (estudos de impacte ambiental, ordenamento rural, recursos hídricos) – especialidade AMB (ambiente) e hidráulica agrícola;213 828 040;213 828 050;geral@agriproambiente.pt;www.agriproambiente.pt;1;1;0;0;0;0;0;0;0;0;0;;18/01/1991; 500 000 € ; 1 400 000 € ;2019;20;0;0;0;0;1;0;0;0;0;0;0;0;0;0;0;0;0;1;0;0;0;0;0;0;0;0;0;0;0;0;0;0;0;0;0;0;0;0;0;0
AJL SOARES;Consultoria de engenharia e gestão de projetos (planejamento estratégico, gestão de empreendimentos) – não executa projetos técnicos específicos;960 405 243;;ajldasoares@yahoo.com;;0;0;0;0;0;0;0;0;0;0;0;;30/07/2021; 1 000 € ; 46 205 € ;2022;1;0;0;0;0;0;0;0;0;0;0;0;0;0;0;0;0;0;0;0;0;0;0;0;0;0;0;0;0;0;0;0;0;0;0;0;0;0;0;0;0
Alves Ribeiro SA;;217 917 200;217 932 549;mail@alvesribeiro.pt;www.alvesribeiro.pt;0;0;0;1;0;1;0;0;0;0;0;✓;;;;;;1;0;0;1;0;0;0;0;0;0;0;0;0;0;0;0;0;0;0;0;0;0;0;0;0;0;0;0;0;0;0;0;0;0;0;0;0;0;0;0
AQUALOGUS;Hidráulica e ambiente: projetos de abastecimento de água e saneamento (AAD, AED), aproveitamentos hidroagrícolas, obras hidráulicas e marítimas, estudos ambientais (AMB);217 520 190;217 520 199;geral@aqualogus.pt;www.aqualogus.pt;1;1;0;0;0;0;0;0;0;0;0;;02/08/1996; 500 000 € ; 5 100 000 € ;2023;90;0;0;0;0;1;0;0;0;0;0;0;0;0;0;0;0;0;1;0;0;0;0;0;0;0;0;0;0;0;0;0;0;0;0;0;0;0;0;0;0
ARC International Design Consultants;Arquitetura e design urbano (planeamento físico, projetos de edificações emblemáticas) – especialidade ARQ;211 521 177;;arc-idc@arc-idc.com;www.arcidc.com;0;0;1;0;0;0;0;0;0;0;0;;21/09/2015; 50 000 € ; 3 722 429 € ;2023;25;0;0;1;0;0;0;0;0;0;0;0;0;0;0;0;0;0;0;0;0;0;0;0;0;0;0;0;0;0;0;0;0;0;0;0;0;0;0;0;0
ARIPA;Arquitetura paisagista e ambiente: integração paisagística de projetos, espaços exteriores (AEX) e estudos ambientais (AMB);217 826 270;217 826 279;geral@aripa.pt;www.aripa.pt;0;1;1;0;0;0;0;0;0;0;0;;26/07/1979; 200 000 € ; 3 275 745 € ;2008;34;0;0;1;0;0;0;0;0;0;0;0;0;0;0;0;0;0;1;0;0;0;1;0;0;0;0;0;0;0;0;0;0;0;0;0;0;0;0;0;0
ARQPAIS;Arquitetura paisagista: projetos de paisagismo, arranjos exteriores (AEX) e consultoria ambiental (AMB);217 140 257;;geral@arqpais.pt;www.arqpais.pt;0;1;1;0;0;0;0;0;0;0;0;;09/02/1995; 250 000 € ; 968 321 € ;2024;8;0;0;0;0;0;0;0;0;0;0;0;0;0;0;0;0;0;1;0;0;0;1;0;0;0;0;0;0;0;0;0;0;0;0;0;0;0;0;0;0
ARQUIPRODETE;;962 810 514;;geral@arquiprodete.pt;https://www.arquiprodete.pt/;0;0;1;0;0;1;0;0;0;0;0;✓;;;;;;0;0;1;1;0;0;0;0;0;0;0;0;0;0;0;0;0;0;0;0;0;0;0;0;0;0;0;0;0;0;0;0;0;0;0;0;0;0;0;0
AT.93;Arquitetura e pequenas obras de engenharia (projetos arquitetónicos residenciais e compatibilização estrutural básica) – ARQ (com coordenação EST terceirizada);261 864 713;;geral@at93.pt;www.at93.pt;0;0;1;0;0;1;0;0;0;0;0;;05/02/1993; 251 444 € ; 1 067 227 € ;2023;11;0;0;1;1;0;0;0;0;0;0;0;0;0;0;0;0;0;0;0;0;0;0;0;0;0;0;0;0;0;0;0;0;0;0;0;0;0;0;0;0
ATSE (inst tecnicas);;;;antonio.trindade@atse.pt;;0;0;0;0;1;0;0;0;0;1;0;✓;01/01/1997;;;;;0;0;0;0;0;1;0;0;0;0;0;1;0;0;0;1;0;0;0;0;0;0;0;0;0;0;0;0;0;0;0;0;0;0;0;0;0;0;0;0
ATELIER DO CHIADO;Arquitetura (projetos de edificações culturais, comerciais e residenciais) – ARQ;213 473 775;;geral@atelierchiado.pt;www.atelierchiado.pt;0;0;1;0;0;0;0;0;0;0;0;;21/03/1990; 100 000 € ; 250 000 € ;2022;5;0;0;1;0;0;0;0;0;0;0;0;0;0;0;0;0;0;0;0;0;0;0;0;0;0;0;0;0;0;0;0;0;0;0;0;0;0;0;0;0
ATELIERMOB;Arquitetura e urbanismo (habitação social, reabilitação urbana, design social) – ARQ;218 863 869;;info@ateliermob.com;www.ateliermob.com;0;0;1;0;0;0;0;0;0;0;0;;14/10/2005; 5 000 € ; 88 000 € ;2022;4;0;0;1;0;0;0;0;0;0;0;0;0;0;0;0;0;0;0;0;0;0;0;0;0;0;0;0;0;0;0;0;0;0;0;0;0;0;0;0;0
ATLANTIC ENG.;;965 317 909;;p.silva.atlantic@gmail.com;;0;0;0;0;0;0;0;0;0;0;0;;;;;;;0;0;0;0;0;0;0;0;0;0;0;0;0;0;0;0;0;0;0;0;0;0;0;0;0;0;0;0;0;0;0;0;0;0;0;0;0;0;0;0
BETAR;Engenharia civil estrutural e infraestruturas: projetos de estabilidade (EST), pontes/viadutos (OAT), vias de comunicação rodoviárias e ferroviárias (TRA, PAV, SIV), gestão de ativos de infraestruturas;217 826 110;;consultores@betar.pt;www.betar.pt;0;0;1;0;0;1;0;0;1;0;1;;26/01/1988; 2 100 000 € ; 4 168 637 € ;2023;46;0;0;0;1;0;0;0;0;0;0;0;0;0;0;0;0;0;0;0;0;0;0;1;1;0;0;0;1;0;0;1;0;0;0;0;0;0;0;0;0
BMLC;;967 238 413;;luis.cardoso@bmlc.pt;www.bmlc.com.pt;0;0;1;0;1;0;1;1;0;0;0;✓;;;;;;0;0;0;0;0;1;0;0;0;0;0;0;0;0;0;0;1;0;0;0;0;0;0;0;0;0;0;0;0;0;0;0;0;1;0;0;1;1;0;0
BROWNFIELD;;215 957 070;;geral@brownfield.pt ;www.brownfieldengineering.pt;0;1;0;0;0;0;0;0;0;0;0;✓;;;;;;0;0;0;0;0;0;0;0;0;0;0;0;0;0;0;0;0;1;0;0;0;0;0;0;0;0;0;0;0;0;0;0;0;0;0;0;0;0;0;0
BUILDGEST;Gestão de projetos e fiscalização de obras (coordenação, inspeção técnica) – não executa projetos de engenharia;226 073 720;;bg@buildgest.com;www.buildgest.com;0;0;0;0;0;0;1;0;0;0;0;;29/04/2008; 6 000 € ; 1 209 128 € ;2023;13;0;1;0;0;0;0;0;0;0;0;0;0;0;0;0;0;0;0;0;0;0;0;0;0;0;0;0;0;0;0;0;0;0;0;0;0;0;0;0;0
C.G.F.;Gestão e fiscalização de empreitadas de construção civil (planeamento, coordenação de segurança, controle de qualidade) – serviços de gestão, sem projetos próprios;224 647 164;224 649 171;geral@cgf.pt;www.cgf.pt;0;0;0;0;0;0;1;0;0;0;0;;21/10/1996; 200 000 € ; 1 708 688 € ;2024;29;0;1;0;0;0;0;0;0;0;0;0;0;0;0;0;0;0;0;0;0;0;0;0;0;0;0;0;0;0;0;0;0;0;0;0;0;0;0;0;0
CASAIS;;218 959 014;;lisboa@casais.pt;casais.pt;0;0;0;1;0;1;1;0;0;0;0;✓;;;;;;1;0;0;1;0;0;0;0;0;0;0;0;0;0;0;0;0;0;0;0;0;0;0;0;0;0;0;0;0;0;0;0;0;0;0;0;0;0;1;0
CASP;Projetos de engenharia e arquitetura (edifícios) e gestão de projetos – empresa multidisciplinar de pequena dimensão (ARQ, EST, ACV, etc. conforme necessidade);220 730 621;;geral@casp.pt;www.casp.pt;0;0;1;0;0;1;0;1;0;0;0;;23/10/2013; 10 000 € ; 360 000 € ;2018;9;0;0;1;1;0;0;0;0;1;0;0;0;0;0;0;0;0;0;0;0;0;0;0;0;0;0;0;0;0;0;0;0;0;0;0;0;0;0;0;0
CEMOSA;;961 488 118;;;;1;0;1;0;0;0;0;0;1;0;0;✓;;;;;;0;0;1;0;0;0;0;0;0;0;1;0;0;0;0;0;0;0;0;0;0;0;0;1;0;0;0;0;0;0;0;0;0;0;0;0;0;0;0;0
CME;;214 233 100;;ramais@cme.pt;cme.pt;0;0;0;0;1;0;0;0;0;0;0;✓;;;;;;0;0;0;0;0;1;1;0;0;0;0;0;0;0;0;0;0;0;0;0;0;0;0;0;0;0;0;0;0;0;0;0;0;0;0;0;0;0;0;0
CESO;Consultoria de desenvolvimento internacional (economia, estudos sociais e ambientais) – não realiza projetos de engenharia tradicionais;217 999 600;217 958 997;ceso@ceso.pt;www.ceso.pt;0;1;0;0;0;0;0;0;0;0;0;;;;;;;0;0;0;0;0;0;0;0;0;0;0;0;0;0;0;0;0;1;0;0;0;0;0;0;0;0;0;0;0;0;0;0;0;0;0;0;0;0;0;0
CIVILSER ;Engenharia civil geral: projetos de edifícios e infraestruturas (estruturas, redes prediais de água/esgoto, arruamentos) – EST, AAD, AED;217 819 703;;geral@civilser.pt;www.civilser.pt;1;0;0;0;0;1;0;0;0;0;0;;21/04/1999; 50 000 € ; 324 700 € ;2011;9;0;0;0;1;1;0;0;0;0;0;1;0;0;0;0;0;0;0;0;0;0;0;0;0;0;0;0;0;0;0;0;0;0;0;0;0;0;0;0;0
CLENCI;Patologia e reabilitação de construções: inspeções, diagnósticos e projetos de reforço estrutural (EST) e reabilitação de edifícios;213 553 260;;geral@clenci.pt;www.clenci.pt;0;0;0;0;0;1;0;0;0;0;0;;10/09/1999; 5 000 € ; 646 007 € ;2008;6;0;0;0;1;0;0;0;0;0;0;0;0;0;0;0;0;0;0;0;0;0;0;0;0;0;0;0;0;0;0;0;0;0;0;0;0;0;0;0;0
COBA;Grandes projetos de infraestruturas: barragens e obras hidráulicas (OAT, AAD/AED), estradas e ferrovias (TRA, PAV, SIV), pontes (OAT), estudos ambientais (AMB), geotecnia (GET) e planejamento territorial;217 925 000;217 970 348;coba-pt@cobagroup.com;www.cobagroup.com;0;1;1;0;0;1;0;0;1;0;1;✓;28/06/1962; 5 000 000 € ; 24 758 345 € ;2024;319;0;0;0;0;0;0;0;0;0;0;0;0;0;0;0;0;0;1;0;1;0;0;1;1;0;0;0;1;0;0;1;0;0;0;0;0;0;0;0;0
CONSULGAL;Engenharia integrada e gestão: projetos de infraestruturas de transportes (rodovias, ferrovias – TRA, PAV), hidráulica (AAD/AED), edificações (EST, ACV, IEL), além de gestão/fiscalização de obras;214 468 500;214 411 607;geral@consulgal.pt;www.consulgal.pt;1;0;1;0;1;1;1;1;1;0;0;;18/08/1983; 800 000 € ; 5 000 000 € ;2024;260;0;1;0;1;1;1;0;0;1;0;1;0;0;0;0;0;0;0;0;0;0;0;1;1;0;0;0;0;0;0;0;0;0;0;0;0;0;0;0;0
CONSULMAR;Engenharia costeira e portuária: projetos de portos e obras marítimas (molhes, cais), dragagens, aproveitamentos hidráulicos (AAD/AED), estruturas costeiras (OAT), estudos ambientais (AMB);213 826 630;213 862 679;geral@consulmar.pt;www.consulmar.pt;1;0;0;0;0;1;0;0;0;0;0;;;;;;;0;0;0;0;1;0;0;0;0;0;1;0;0;0;0;0;0;0;0;0;0;0;0;0;0;0;0;0;0;0;1;0;0;0;0;0;0;0;0;0
CONSULPAV;;;;consulpav@consulpav.com;www.consulpav.com;0;0;0;0;0;0;0;0;1;0;0;✓;;;;;;0;0;0;0;0;0;0;0;0;0;0;0;0;0;0;0;0;0;0;0;0;0;0;1;0;0;0;0;0;0;0;0;0;0;0;0;0;0;0;0
Consulstrada;;212 066 400;;consulstrada@consulstrada.pt;www.consulstrada.pt;0;0;0;0;0;0;0;0;1;0;0;✓;;;;;;0;0;0;0;0;0;0;0;0;0;0;0;0;0;0;0;0;0;0;0;0;0;0;1;0;0;0;0;0;0;0;0;0;0;0;0;0;0;0;0
Construções Gabriel AS Couto;; 252 308 640;252 375 871;cgasc@gabrielcouto.pt;www.gabrielcouto.pt;0;1;0;1;0;1;0;0;0;0;0;✓;;;;;;1;0;0;1;0;0;0;0;0;0;0;0;0;0;0;0;0;1;0;0;0;0;0;0;0;0;0;0;0;0;0;0;0;0;0;0;0;0;0;0
COTEFIS;Gestão de investimentos e projetos de engenharia (planejamento, concursos, controle de obra) – não desenvolve projetos técnicos próprios;226 183 790;;sede@cotefis.com;www.cotefis.com;0;0;0;1;0;0;0;0;0;0;0;;;;;;;1;0;0;0;0;0;0;0;0;0;0;0;0;0;0;0;0;0;0;0;0;0;0;0;0;0;0;0;0;0;0;0;0;0;0;0;0;0;0;0
CPU Architects International;Arquitetura (projetos arquitetônicos, planejamento urbano) – ARQ (com coordenação de especialidades de engenharia via parceiros);213 939 000;213 939 001;cpuplan@cpu.pt;www.cpu.pt;0;0;1;0;0;0;0;0;0;0;0;;;;;;;0;0;1;0;0;0;0;0;0;0;0;0;0;0;0;0;0;0;0;0;0;0;0;0;0;0;0;0;0;0;0;0;0;0;0;0;0;0;0;0
CRITICAL PATH MANAGERS;Gestão de projetos e obras (planeamento “critical path”, monitorização de prazos/custos) – serviço de gerenciamento sem projeto técnico próprio;914 664 618;;criticalmanagers@gmail.com;www.cpmcritical.pt;0;0;0;1;0;0;0;0;0;0;0;;27/01/2015; 5 000 € ; 2 146 000 € ;;14;1;0;0;0;0;0;0;0;0;0;0;0;0;0;0;0;0;0;0;0;0;0;0;0;0;0;0;0;0;0;0;0;0;0;0;0;0;0;0;0
CRYSTALSCORPION;Consultoria técnica em engenharia civil e gestão de obras (serviços especializados sob demanda) – provavelmente não executa projetos completos;916 610 839;;crystalscorpion1@gmail.com;;0;0;0;1;0;0;0;0;0;0;0;;29/06/2020; 1 000 € ; 70 000 € ;;3;1;0;0;0;0;0;0;0;0;0;0;0;0;0;0;0;0;0;0;0;0;0;0;0;0;0;0;0;0;0;0;0;0;0;0;0;0;0;0;0
DDN;Gestão integrada de construção (gerenciamento de empreendimentos imobiliários, fiscalização de obras, coordenação BIM) – sem elaboração de projetos de engenharia;21 757 67 11;217 576 714;geral@ddn.pt;www.ddn-eng.com;0;0;0;1;0;0;1;0;0;0;0;;26/11/1994; 400 000 € ; 11 028 701 € ;;131;1;1;0;0;0;0;0;0;0;0;0;0;0;0;0;0;0;0;0;0;0;0;0;0;0;0;0;0;0;0;0;0;0;0;0;0;0;0;0;0
DELICATEPLAN;Consultoria de engenharia civil (projetos de estruturas e geotecnia de pequeno porte) e gestão de projetos – EST, GET (escala reduzida);255 822 263;255 829 041;geral@dplan.pt;www.dplan.pt;0;0;0;0;0;1;0;0;1;0;0;;17/07/2008; 50 000 € ; 247 710 € ;(2023;6;0;0;0;1;0;0;0;0;0;0;0;0;0;0;0;0;0;0;0;1;0;0;0;0;0;0;0;0;0;0;0;0;0;0;0;0;0;0;0;0
DESENTOP Ambiente;;96 317 64 94;;contacto@desentopambiente.com;desentopambiente.com;1;1;0;0;0;0;0;0;0;0;0;✓;;;;;;0;0;0;0;1;0;0;0;0;0;0;0;0;0;0;0;0;1;0;0;0;0;0;0;0;0;0;0;0;0;0;0;0;0;0;0;0;0;0;0
DIACLASE;Geologia, geotecnia e ambiente: estudos geológicos, estabilidade de taludes e recursos hídricos subterrâneos (GEO, GET), avaliações de impacte ambiental (AMB);217 572 217;217 572 217;geral@diaclase.pt;www.diaclase.pt;0;1;0;0;0;0;0;0;1;0;0;;;;;;;0;0;0;0;0;0;0;0;0;0;0;0;0;0;0;0;0;1;1;1;0;0;0;0;0;0;0;0;0;0;0;0;0;0;0;0;0;0;0;0
DILIGENTPROJECTS;Gestão de projetos (PMO), auditorias de andamento de obras, consultoria em contratação – não executa projetos técnicos;220 434 870;;geral@diligentprojects.pt;www.diligentprojects.pt;0;0;0;1;0;0;0;0;0;0;0;;;;;;;1;0;0;0;0;0;0;0;0;0;0;0;0;0;0;0;0;0;0;0;0;0;0;0;0;0;0;0;0;0;0;0;0;0;0;0;0;0;0;0
DTWAY;"Consultoria em BIM e digitalização de edifícios (levantamentos 3D, documentação digital) – não executa projeto tradicional; foca em tecnologia";964 288 715;;info@dtway.com;www.dtway.com;0;0;0;0;0;0;0;0;0;0;0;;;;;;;0;0;0;0;0;0;0;0;0;0;0;0;0;0;0;0;0;0;0;0;0;0;0;0;0;0;0;0;0;0;0;0;0;0;0;0;0;0;0;0
EACE;;;;;;0;0;0;1;0;0;0;0;0;0;0;✓;;;;;;1;0;0;0;0;0;0;0;0;0;0;0;0;0;0;0;0;0;0;0;0;0;0;0;0;0;0;0;0;0;0;0;0;0;0;0;0;0;0;0
EDGAR CARDOSO ;Estruturas especiais: projetos e testes laboratoriais de pontes, viadutos e grandes estruturas (EST, OAT) – referência em engenharia de pontes;213 527 682;210 192 712;info@edgarcardoso.pt;www.edgarcardoso.pt;0;0;0;0;0;1;0;0;0;0;0;;16/06/1992; 99 759 € ; 2 432 881 € ;;21;0;0;0;1;0;0;0;0;0;0;0;0;0;0;0;0;0;0;0;0;0;0;0;0;0;0;0;0;0;0;1;0;0;0;0;0;0;0;0;0
EDIFICIOS SAUDAVEIS;;;;mail@edificiossaudaveis.pt;www.edificiossaudaveis.pt;0;1;0;0;0;0;0;0;0;0;0;✓;;;;;;0;0;0;0;0;0;0;0;0;0;0;0;0;0;0;0;0;1;0;0;0;0;0;0;0;0;0;0;0;0;0;0;0;0;0;0;0;0;0;0
EDP;Engenharia de produção de energia: estudos e projetos associados a centrais elétricas (barragens, centrais térmicas e renováveis), gestão de ativos de geração;210 012 100;210 012 320;edpproducao@edp.pt;www.edp.pt;0;0;0;0;1;0;0;0;0;0;0;;;;;;;0;0;0;0;0;1;0;0;0;0;0;0;0;0;0;0;0;0;0;0;0;0;0;0;0;0;0;0;0;0;0;0;0;0;0;0;0;0;0;0
EFEITO ESPIRAL;Engenharia civil geral (projetos e consultoria conforme demanda, incl. estruturas e pequenos edifícios) – atuação flexível em várias especialidades;912 459 591;;geral@e-spiral.com;www.spiral.com;0;1;0;0;0;1;0;0;0;0;0;;10/09/2014; 1 000 € ; 150 000 € ;(2021;3;0;0;0;1;0;0;0;0;0;0;0;0;0;0;0;0;0;1;0;0;0;0;0;0;0;0;0;0;0;0;0;0;0;0;0;0;0;0;0;0
EGIAMB;Geoambiente: estudos geotécnicos (sondagens, fundações – GET) e ambientais (remediação, licenciamento – AMB);211 361 625;;geral@egiamb.pt;www.egiamb.pt;0;1;0;0;0;0;0;0;1;0;0;✓;18/11/1998; 40 000 € ; 2 076 000 € ;;10;0;0;0;0;0;0;0;0;0;0;0;0;0;0;0;0;0;1;0;1;0;0;0;0;0;0;0;0;0;0;0;0;0;0;0;0;0;0;0;0
ELECTROCONSUL;Engenharia eletromecânica: projetos de instalações elétricas (IEL), telecomunicações e baixa tensão (MBT), climatização e ventilação (ACV), sistemas de gás (GAS), segurança contra incêndio (SCI) em edifícios;213 861 948;;electroconsulsa@gmail.com;;0;0;0;0;1;0;0;1;0;1;0;;31/12/1971; 50 000 € ; 76 000 € ;;;0;0;0;0;0;1;1;0;1;1;0;1;0;0;0;0;0;0;0;0;0;0;0;0;0;0;0;0;0;0;0;0;0;0;0;0;0;0;0;0
ELEMENTO FINITO;Estruturas e cálculo estrutural avançado: análise numérica de estruturas (método dos elementos finitos), projetos de engenharia civil estrutural (EST);916 473 611;;info@elementofinito.com;www.linkedin.com/company/ele;0;0;0;0;0;1;0;0;0;0;0;;29/12/2005; 5 000 € ;;;11;0;0;0;1;0;0;0;0;0;0;0;0;0;0;0;0;0;0;0;0;0;0;0;0;0;0;0;0;0;0;0;0;0;0;0;0;0;0;0;0
ENGEXPOR;;217 270 730;;portugal@engexpor.com;https://engexpor.com/;0;1;0;1;0;1;1;0;0;0;0;✓;;;;;;1;0;0;1;0;0;0;0;0;0;0;0;0;0;0;0;0;1;0;0;0;0;0;0;0;0;0;0;0;0;0;0;0;0;0;0;0;0;0;1
ENGIDRO;Engenharia de recursos hídricos: projetos de abastecimento, drenagem, hidráulica fluvial e marítima (AAD, AED), estudos de hidrologia e saneamento ambiental (AMB);218 310 320;218 597 070;engidro@engidro.pt;www.engidro.pt;1;1;0;0;0;0;0;0;0;0;0;✓;13/11/1979; 210 000 € ; 3 714 927 € ;;24;0;0;0;0;1;0;0;0;0;0;1;0;0;0;0;0;0;1;0;0;0;0;0;0;0;0;0;0;0;0;0;0;0;0;0;0;0;0;0;0
ENGIRIA;Engenharia civil regional: projetos de edifícios (EST, redes prediais), arruamentos e loteamentos (TRA, AED) na região centro (Aveiro);234 029 000;;geral@engiria.pt;www.engiria.pt;1;0;1;0;0;1;0;0;0;0;0;;11/01/2019; 5 000 € ; 171 482 € ;;2;0;0;0;1;0;0;0;0;0;0;1;0;0;0;0;0;0;0;0;0;0;0;1;0;0;0;0;0;0;0;0;0;0;0;0;0;0;0;0;0
ENGº TAVARES VIEIRA;Arquitetura e engenharia (Açores): projetos de arquitetura (ARQ) e estruturas/infraestruturas (EST, vias locais) adaptados ao contexto regional açoriano;296 470 060;296 470 061;geral@etvieira.com.pt;www.etvieira.com.pt;0;0;1;0;0;1;0;0;0;0;0;;14/12/1989; 120 000 € ; 967 845 € ;(2008;26;0;0;1;1;0;0;0;0;0;0;0;0;0;0;0;0;0;0;0;0;0;0;0;0;0;0;0;0;0;0;0;0;0;0;0;0;0;0;0;0
ERGOPROJECT;Engenharia estrutural e reabilitação: projetos de estabilidade (EST) em edifícios, reabilitação estrutural e consultoria técnica em obras;211 505 423;217 230 675;info@ergoproject.pt;www.ergoproject.pt;0;0;0;0;0;1;0;0;0;0;0;;15/09/2006; 5 000 € ; 229 036 € ;(2016;10;0;0;0;1;0;0;0;0;0;0;0;0;0;0;0;0;0;0;0;0;0;0;0;0;0;0;0;0;0;0;0;0;0;0;0;0;0;0;0;0
ESTRUTOVIA;Estruturas e vias: projetos estruturais (EST) e de vias de comunicação (rodoviárias – TRA/PAV), incluindo obras de arte e contenções;214 713 235;214 713 247;geral@estrutovia.com;www.estrutovia.com;0;0;1;0;0;1;0;0;1;0;0;;01/03/1993; 24 940 € ; 478 400 € ;(2009;10;0;0;0;1;0;0;0;0;0;0;0;0;0;0;0;0;0;0;0;0;0;0;1;1;0;0;0;0;0;0;0;0;0;0;0;0;0;0;0;0
FASE;Engenharia civil (tradicional): projetos de estruturas (EST) de edificações e pontes, cálculo de fundações (GET), consultoria técnica generalista em obras civis;226 191 400;226 108 055;geral@fase.pt;www.fase.pt;0;0;0;0;0;1;0;0;1;0;0;;05/02/1979; 8 500 000 € ; 7 417 567 € ;2019;104;0;0;0;1;0;0;0;0;0;0;0;0;0;0;0;0;0;0;0;1;0;0;0;0;0;0;0;0;0;0;0;0;0;0;0;0;0;0;0;0
FCGAB;Fiscalização e gestão de obra: acompanhamento de construções, controle de qualidade e prazos – não elabora projetos de especialidade;255 863 483;;geral@fcgab.pt;www.fcgab.pt;0;0;0;0;0;0;1;0;0;0;0;;28/11/2009; 5 000 € ; 315 226 € ;2024;5;0;1;0;0;0;0;0;0;0;0;0;0;0;0;0;0;0;0;0;0;0;0;0;0;0;0;0;0;0;0;0;0;0;0;0;0;0;0;0;0
FFC;"Gestão de investimentos imobiliários e coordenação de projetos – não elabora projetos técnicos; foca na gestão de empreendimentos";213 609 200;;ffc@ffc.pt;www.ffc.pt;0;0;0;1;0;0;0;0;0;0;0;;22/07/1992; 5 000 € ; 608 800 € ;2024;9;1;0;0;0;0;0;0;0;0;0;0;0;0;0;0;0;0;0;0;0;0;0;0;0;0;0;0;0;0;0;0;0;0;0;0;0;0;0;0;0
FGP;Engenharia civil (Algarve): projetos de estruturas e infraestruturas em âmbito municipal (edifícios, arruamentos, saneamento) – EST, AED, TRA;282 343 674;282 352 637;geral@fgp-engcivil.pt;www.fgp-engcivil.pt;1;0;1;0;0;1;0;0;0;0;0;;07/02/1996; 175 000 € ; 1 097 941 € ;2021;17;0;0;0;1;0;0;0;0;0;0;1;0;0;0;0;0;0;0;0;0;0;0;1;0;0;0;0;0;0;0;0;0;0;0;0;0;0;0;0;0
FCM;;210 170 280;;geral@fcm.pt;www.fcm.pt;0;0;1;0;1;1;0;0;0;0;0;✓;;;;;;0;0;1;1;0;1;0;0;0;0;0;0;0;0;0;0;0;0;0;0;0;0;0;0;0;0;0;0;0;0;0;0;0;0;0;0;0;0;0;0
FRAÚSTO & Cª ;Arquitetura e engenharia integrada: projetos arquitetônicos e de especialidades (estruturas – EST – e redes prediais) para edifícios residenciais e comerciais;213 570 269;;geral@frausto.pt;www.frausto.pt;0;0;1;0;0;1;0;0;0;0;0;✓;04/07/2000; 5 000 € ; 531 906 € ;2023;6;0;0;1;1;0;0;0;0;0;0;0;0;0;0;0;0;0;0;0;0;0;0;0;0;0;0;0;0;0;0;0;0;0;0;0;0;0;0;0;0
FUTURE PROMAN;"Gestão de projetos e obras (controle de qualidade, custos, prazos; consultoria em programas de investimentos) – não elabora projetos técnicos específicos";213 041 050;;geral@future-motion.eu;www.future-motion.eu;0;0;0;1;0;0;0;0;0;0;0;;24/04/1981; 1 986 390 € ; 8 167 954 € ;2024;106;1;0;0;0;0;0;0;0;0;0;0;0;0;0;0;0;0;0;0;0;0;0;0;0;0;0;0;0;0;0;0;0;0;0;0;0;0;0;0;0
GABINETE 118;;296 302 380;;geral@gabinete118.net;www.gabinete118.com;0;1;1;1;0;0;0;0;1;0;0;✓;;;;;;1;0;1;0;0;0;0;0;0;0;0;0;0;0;0;0;0;1;0;0;0;0;0;1;0;0;0;0;0;0;0;0;0;0;0;0;0;0;0;0
GAPRES;Projetos de engenharia civil e consultoria local: estruturas de edifícios (EST), pequenos arranjos urbanísticos (AEX), e assessoria técnica;218 453 020;218 484 844;gapres@gapres.pt;www.gapres.pt;0;0;1;0;0;1;0;0;0;0;0;✓;20/11/1973; 225 000 € ; 1 163 960 € ;2024;27;0;0;0;1;0;0;0;0;0;0;0;0;0;0;0;0;0;0;0;0;0;1;0;0;0;0;0;0;0;0;0;0;0;0;0;0;0;0;0;0
GARCIA VAZQUEZ;Engenharia civil e gestão: projetos estruturais (EST) e de infraestruturas urbanas, fiscalização de obras – atuação diversificada;218 543 100;218 543 108;geral@gvengenharia.pt;www.gvengenharia.pt;0;0;0;0;0;1;0;0;0;0;0;;22/07/1993; 37 000 € ; 448 650 € ;2024;8;0;0;0;1;0;0;0;0;0;0;0;0;0;0;0;0;0;0;0;0;0;0;0;0;0;0;0;0;0;0;0;0;0;0;0;0;0;0;0;0
GCS;Consultoria técnica em engenharia (avaliações, estudos de viabilidade) e serviços de projeto sob encomenda (estruturas e instalações em pequena escala);936 433 248;;gcs.consultores@outlook.com;www.gcsengenheirosconsultores.;0;0;0;0;0;1;0;0;0;0;0;;;;;;;0;0;0;1;0;0;0;0;0;0;0;0;0;0;0;0;0;0;0;0;0;0;0;0;0;0;0;0;0;0;0;0;0;0;0;0;0;0;0;0
GEOÁREA;Geotecnia e ambiente: estudos de mecânica dos solos e rochas (sondagens, fundações – GET), monitorização geotécnica, estudos ambientais e geológicos (AMB, GEO);214 196 195;214 191 222;geral@geoarea.pt;www.geoarea.pt;0;1;0;0;0;0;0;0;1;0;0;;12/04/2005; 50 000 € ; 528 739 € ;2024;7;0;0;0;0;0;0;0;0;0;0;0;0;0;0;0;0;0;1;1;0;0;0;0;0;0;0;0;0;0;0;0;0;0;0;0;0;0;0;0;0
GEOCONTROLE;"Geotecnia estrutural: projetos de fundações especiais, túneis e contenções (GET), instrumentação e ensaios de solos; consultoria em obras subterrâneas";219 958 000;219 958 001;mail@geocontrole.pt;www.geocontrole.com;0;0;0;0;0;0;0;0;1;0;0;;07/01/1975; 2 500 000 € ; 10 820 068 € ;2024;74;0;0;0;0;0;0;0;0;0;0;0;0;0;0;0;0;0;0;0;1;0;0;0;0;0;0;0;0;0;0;0;0;0;0;0;0;0;0;0;0
GEOVIA;Geotecnia: estudos geotécnicos, taludes, barragens de terra, fundações (GET) – foco em projetos de obras subterrâneas e estabilidade de solos;219 108 880;219 108 888;geral@geovia.pt;www.geovia.pt;0;0;0;0;0;0;0;0;1;0;0;;23/09/1997; 350 000 € ; 4 055 915 € ;2024;23;0;0;0;0;0;0;0;0;0;0;0;0;0;0;0;0;0;0;0;1;0;0;0;0;0;0;0;0;0;0;0;0;0;0;0;0;0;0;0;0
GEPECTROFA;Engenharia civil municipal: projetos de infraestrutura viária local (estradas, saneamento – TRA, AED), edifícios públicos (EST), na região da Trofa;252 409 680;252 409 580;geral@gepectrofa.pt;www.gepectrofa.pt;1;0;1;0;0;1;0;0;0;0;0;;16/07/1976; 5 000 € ; 440 000 € ;2022;9;0;0;0;1;0;0;0;0;0;0;1;0;0;0;0;0;0;0;0;0;0;0;1;0;0;0;0;0;0;0;0;0;0;0;0;0;0;0;0;0
GESCONSULT;Engenharia civil generalista: projetos e direções de obra de edifícios residenciais (EST, redes hidráulicas internas), consultoria técnica;964 403 681;;geral@gesconsult.pt;www.gesconsult.pt;1;0;0;0;0;1;0;0;0;0;0;;10/03/2014; 105 000 € ; 2 200 000 € ;2024;25;0;0;0;1;0;0;0;0;0;0;1;0;0;0;0;0;0;0;0;0;0;0;0;0;0;0;0;0;0;0;0;0;0;0;0;0;0;0;0;0
GIBB;;213 861 523;;gibb@gibb.pt;gibb.pt;1;1;0;0;0;1;1;0;0;0;0;✓;;;;;;0;0;0;1;1;0;0;0;0;0;1;0;0;0;0;0;0;1;0;0;0;0;0;0;0;0;0;0;0;0;0;0;0;0;0;0;0;0;0;1
GPIC;Engenharia de instalações prediais: projetos de eletricidade (IEL), telecomunicações (MBT), segurança eletrônica, HVAC (ACV) e águas/saneamento internos (AAD/AED);226 053 474;226 053 475;gpic@gpic.pt;;1;0;0;0;1;0;0;1;0;0;0;;04/06/1998; 9 976 € ; 265 769 € ;2007;6;0;0;0;0;1;1;1;0;1;0;1;0;0;0;0;0;0;0;0;0;0;0;0;0;0;0;0;0;0;0;0;0;0;0;0;0;0;0;0;0
GRAVIDADE;Engenharia estrutural internacional: projetos de estruturas (EST) e consultoria técnica em mercados externos (edifícios de grande altura, pontes);218 484 424;;info@gravidade.pt;www.gravidade.pt;0;0;0;0;0;1;0;0;0;0;0;;22/10/2004; 5 000 € ; 309 822 € ;2024;7;0;0;0;1;0;0;0;0;0;0;0;0;0;0;0;0;0;0;0;0;0;0;0;0;0;0;0;0;0;0;0;0;0;0;0;0;0;0;0;0
GREEN BUSINESS;;;;;greenbusiness.pt;0;1;0;0;0;0;0;0;0;0;0;✓;;;;;;0;0;0;0;0;0;0;0;0;0;0;0;0;0;0;0;0;1;0;0;0;0;0;0;0;0;0;0;0;0;0;0;0;0;0;0;0;0;0;0
GRID International;"Engenharia de estruturas e fundações: projetos de edifícios altos, pontes e pontes rolantes (EST, OAT), análise sísmica avançada; consultoria internacional";213 191 220;;grid@grid.pt;www.grid.pt;0;0;0;0;0;1;0;0;0;0;0;;06/08/2015; 100 000 € ; 8 100 000 € ;2024;34;0;0;0;1;0;0;0;0;0;0;0;0;0;0;0;0;0;0;0;0;0;0;0;0;0;0;0;0;0;0;1;0;0;0;0;0;0;0;0;0
GV+ARQUITECTOS;Arquitetura: projetos arquitetônicos de edificações (residenciais, comerciais) – ARQ;933 300 789;;geral@gv-arquitectos.com;www.gv-arquitectos.com;0;0;1;0;0;0;0;0;0;0;0;;10/02/2023; 2 000 € ; 294 135 € ;2023;8;0;0;1;0;0;0;0;0;0;0;0;0;0;0;0;0;0;0;0;0;0;0;0;0;0;0;0;0;0;0;0;0;0;0;0;0;0;0;0;0
GWIC;Consultoria global em engenharia: apoio a projetos internacionais (avaliações técnicas, due diligence) – abrangência de disciplinas conforme projeto, não necessariamente design local;217 930 279;;pt@gwicgroup.com;www.gwicgroup.com;0;0;0;1;0;0;0;0;0;0;0;;30/10/2009; 100 000 € ; 2 987 469 € ;2024;30;1;0;0;0;0;0;0;0;0;0;0;0;0;0;0;0;0;0;0;0;0;0;0;0;0;0;0;0;0;0;0;0;0;0;0;0;0;0;0;0
HENRIQUE PERESTRELLO;Engenharia civil (Lisboa): projetos de estruturas de edifícios (EST) e reabilitação, gestão de projetos de construção;213 950 531;;geral@hpengenharia.pt;www.hpengenharia.pt;0;0;0;0;0;1;0;0;0;0;0;;16/07/1992; 24 950 € ; 250 000 € ;2009;5;0;0;0;1;0;0;0;0;0;0;0;0;0;0;0;0;0;0;0;0;0;0;0;0;0;0;0;0;0;0;0;0;0;0;0;0;0;0;0;0
HCI;;218 421 200;;geral@hci.pt;www.hci.pt;0;1;0;0;0;1;0;0;0;0;0;✓;;;;;;0;0;0;1;0;0;0;0;0;0;0;0;0;0;0;0;0;1;0;0;0;0;0;0;0;0;0;0;0;0;0;0;0;0;0;0;0;0;0;0
HIDRA;Hidráulica e ambiente: projetos de abastecimento de água, drenagem e tratamento de águas (AAD, AED), modelação hidráulica, estudos ambientais (AMB);213 521 366;;geral@hidra.pt;www.hidra.pt;1;1;0;0;0;0;0;0;0;0;0;;01/05/1992; 10 000 € ; 1 288 024 € ;2023;12;0;0;0;0;1;0;0;0;0;0;1;0;0;0;0;0;0;1;0;0;0;0;0;0;0;0;0;0;0;0;0;0;0;0;0;0;0;0;0;0
HIDROLERBDAMS;Engenharia de barragens e obras hidráulicas: estudos de segurança de barragens, projetos de reforço e manutenção, gestão de riscos – OAT (barragens) e hidráulica (AAD);918 102 792;;hidrolerbdams@gmail.com;;1;0;0;0;0;1;0;0;0;0;0;;12/12/2019; 50 000 € ; 2 723 264 € ;2022;3;0;0;0;0;1;0;0;0;0;0;0;0;0;0;0;0;0;0;0;0;0;0;0;0;0;0;0;0;0;0;1;0;0;0;0;0;0;0;0;0
HIDROPROJETO;;;;;;1;0;0;0;0;0;1;0;0;0;0;✓;; 3 751 630 € ;;;164;0;1;0;0;1;0;0;0;0;0;1;0;0;0;0;0;0;0;0;0;0;0;0;0;0;0;0;0;0;0;0;0;0;0;0;0;0;0;0;0
HIGHPLAN Portugal;Arquitetura (planejamento e projeto arquitetônico, inclusive internacional) – ARQ;210 962 823;;info@highplan.org;www.facebook.com/highplan?fref;0;0;1;0;0;0;0;0;0;0;0;;05/07/2012; 20 000 € ; 132 900 € ;2022;4;0;0;1;0;0;0;0;0;0;0;0;0;0;0;0;0;0;0;0;0;0;0;0;0;0;0;0;0;0;0;0;0;0;0;0;0;0;0;0;0
IGC;Consultoria empresarial e engenharia financeira: gestão de investimentos em projetos de engenharia – não elabora projetos técnicos;213 510 781;;igc@igconsult.com;www.igconsult.com;0;0;0;1;0;0;0;0;0;0;0;;14/09/1989; 5 000 € ; 2 046 692 € ;2022;7;1;0;0;0;0;0;0;0;0;0;0;0;0;0;0;0;0;0;0;0;0;0;0;0;0;0;0;0;0;0;0;0;0;0;0;0;0;0;0;0
IP Engenharia;Infraestruturas de transportes: projetos rodoviários e ferroviários (TRA, PAV, SIV), obras de arte (OAT), consultoria técnica para obras públicas (empresa do grupo Infraestruturas de Portugal);211 024 600;211 021 891;info@ipengenharia.pt;www.ipengenharia.pt;0;0;1;0;0;1;0;0;1;0;1;;14/01/1976; 1 500 000 € ; 2 947 744 € ;2024;55;0;0;0;0;0;0;0;0;0;0;0;0;0;0;0;0;0;0;0;0;0;0;1;1;0;0;0;1;0;0;1;0;0;0;0;0;0;0;0;0
INSIDEPIPE;;234022355;;GERAL@INSIDEPIPE.PT;insidepipe.pt;1;0;0;0;0;0;0;0;0;0;0;✓;;;;;;0;0;0;0;1;0;0;0;0;0;1;0;0;0;0;0;0;0;0;0;0;0;0;0;0;0;0;0;0;0;0;0;0;0;0;0;0;0;0;0
J. L. CÂNCIO MARTINS II ;Engenharia de estruturas especiais: projetos estruturais avançados (pontes, edifícios altos – EST, OAT), consultoria em engenharia sísmica;214 123 010;;jlcm@pini.group;;0;0;0;0;0;1;0;0;0;0;0;;24/02/2022; 3 000 € ; 1 607 057 € ;2024;10;0;0;0;1;0;0;0;0;0;0;0;0;0;0;0;0;0;0;0;0;0;0;0;0;0;0;0;0;0;0;1;0;0;0;0;0;0;0;0;0
JETsj;Geotecnia: projetos e consultoria em fundações, melhoramento de solos, contenções (GET), instrumentação geotécnica, ensaios de campo;210 505 150;218 962 091;info@jetsj.com;www.jetsj.com;0;0;0;0;0;0;0;0;1;0;0;;24/11/2004; 35 500 € ; 2 635 769 € ;2024;15;0;0;0;0;0;0;0;0;0;0;0;0;0;0;0;0;0;0;0;1;0;0;0;0;0;0;0;0;0;0;0;0;0;0;0;0;0;0;0;0
JRTORRES;;258 809 040;258 809 041;geral@jrtorres.com;www.jrtorres.com;0;1;0;0;0;1;1;0;0;0;0;;01/01/1991; 50 000 € ; 613 800 € ;2024;10;0;1;0;1;0;0;0;0;0;0;0;0;0;0;0;0;0;1;0;0;0;0;0;0;0;0;0;0;0;0;0;0;0;0;0;0;0;0;0;0
JSJ;;213 139 400;213 139 409;info@jsj.pt;www.jsj.pt;0;0;0;0;0;1;1;0;0;0;0;✓;10/04/1990; 10 000 € ; 1 239 000 € ;2024;16;0;1;0;1;0;0;0;0;0;0;0;0;0;0;0;0;0;0;0;0;0;0;0;0;0;0;0;0;0;0;1;0;0;0;0;0;0;0;0;0
JOÃO ISIDORO;;;;;;0;0;0;0;0;0;0;0;0;0;0;✓;;;;;;0;0;0;0;0;0;0;0;0;0;0;0;0;0;0;0;0;0;0;0;0;0;0;0;0;0;0;0;0;0;0;0;0;0;0;0;0;0;0;0
JVF ARQUITECTOS;Arquitetura (projetos arquitetônicos e de design urbano, principalmente em Portugal e PALOP) – ARQ;965 055 234;;geraljvf@gmail.com;www.jvfarquitectos.com;0;0;1;0;0;0;0;0;0;0;0;;25/05/2004; 5 000 € ; 142 268 € ;2024;2;0;0;1;0;0;0;0;0;0;0;0;0;0;0;0;0;0;0;0;0;0;0;0;0;0;0;0;0;0;0;0;0;0;0;0;0;0;0;0;0
KEO International Consultants;Arquitetura e planejamento urbano (empresa multinacional com escritório local – projetos de grande escala internacionais) – ARQ;222 426 320;;porto@keoic.com;www.keoic.com;0;0;1;0;0;0;0;0;0;0;0;;06/07/2022; 1 000 € ; 2 002 424 € ;2023;45;0;0;1;0;0;0;0;0;0;0;0;0;0;0;0;0;0;0;0;0;0;0;0;0;0;0;0;0;0;0;0;0;0;0;0;0;0;0;0;0
KN;Engenharia civil (Norte): projetos de estruturas e especialidades em edifícios industriais e comerciais (EST, ACV, IEL);253 248 900;;geral@kn-engenharia.pt;www.kn-engenharia.pt;0;0;0;0;1;1;0;1;0;0;0;;07/11/2006; 40 000 € ; 600 000 € ;2022;15;0;0;0;1;0;1;0;0;1;0;0;0;0;0;0;0;0;0;0;0;0;0;0;0;0;0;0;0;0;0;0;0;0;0;0;0;0;0;0;0
KTL;;217 712 280;;geral@ktl.pt;ktl.pt;0;0;1;1;0;1;0;0;0;0;0;✓;;;;;;1;0;1;1;0;0;0;0;0;0;0;0;0;0;0;0;0;0;0;0;0;0;0;0;0;0;0;0;0;0;0;0;0;0;0;0;0;0;0;0
L4A;Engenharia e arquitetura (Setúbal): projetos de arquitetura (ARQ) e estruturas (EST) de habitações e comércio local;212 433 231;;geral@l4a.pt;www.l4a.pt;0;0;1;0;0;1;0;0;0;0;0;;16/03/2010; 10 000 € ; 97 137 € ;2023;4;0;0;1;1;0;0;0;0;0;0;0;0;0;0;0;0;0;0;0;0;0;0;0;0;0;0;0;0;0;0;0;0;0;0;0;0;0;0;0;0
LAIII;Engenharia estrutural (Lisboa): cálculo de estruturas em betão e metálicas (EST), consultoria em engenharia sísmica;229 713 707;;info@la-iii.com;www.la-iii.com;0;0;0;0;0;1;0;0;0;0;0;;11/02/2014; 5 000 € ;;;4;0;0;0;1;0;0;0;0;0;0;0;0;0;0;0;0;0;0;0;0;0;0;0;0;0;0;0;0;0;0;0;0;0;0;0;0;0;0;0;0
LAYOUT;Engenharia civil (Porto): projetos de estruturas (EST) e redes de infraestruturas prediais (água/esgoto – AAD/AED), coordenação de especialidades;226 054 222;226 054 224;info@layout.pt;www.layout.pt;1;0;0;0;0;1;0;0;0;0;0;;23/09/1998; 25 000 € ; 815 458 € ;2013;23;0;0;0;1;1;0;0;0;0;0;1;0;0;0;0;0;0;0;0;0;0;0;0;0;0;0;0;0;0;0;0;0;0;0;0;0;0;0;0;0
LCW;Engenharia de estruturas: projetos estruturais em obras de edifícios e pontes (EST, OAT), incluindo verificação independente de projetos estruturais;219 108 930;;geral@lcwconsult.com;www.lcwconsult.com;0;0;0;0;0;1;0;0;0;0;0;;30/11/1994; 402 915 € ; 1 929 293 € ;2024;35;0;0;0;1;0;0;0;0;0;0;0;0;0;0;0;0;0;0;0;0;0;0;0;0;0;0;0;0;0;0;1;0;0;0;0;0;0;0;0;0
LIMPACANAL;;232 429 047;;geral@limpacanal.pt;limpacanal.pt;1;0;0;0;0;0;0;0;0;0;0;✓;;;;;;0;0;0;0;1;0;0;0;0;0;1;0;0;0;0;0;0;0;0;0;0;0;0;0;0;0;0;0;0;0;0;0;0;0;0;0;0;0;0;0
Lines & Narratives;;96 268 30 63;;info@linesandnarratives.com;www.linesandnarratives.com;0;0;1;0;0;0;0;0;0;0;0;✓;;;;;;0;0;1;0;0;0;0;0;0;0;0;0;0;0;0;0;0;0;0;0;0;0;0;0;0;0;0;0;0;0;0;0;0;0;0;0;0;0;0;0
LMSA;;218 920 900;;;www.lmsa.pt;0;0;0;0;0;1;1;0;0;0;0;✓;;;;;;0;0;0;1;0;0;0;0;0;0;0;0;0;0;0;0;0;0;0;0;0;0;0;0;0;0;0;0;0;0;0;0;0;0;0;0;0;0;0;1
LxOPERA Projects;Coordenação de projetos de edificação: gestão de projetos de arquitetura e engenharia em empreendimentos (atuação como “owner’s representative”);218 621 110;218 621 119;lisboa@opera-projects.com;www.opera-projects.com;0;0;0;0;0;0;1;0;0;0;0;;14/12/1988; 25 500 € ; 116 561 € ;2016;8;0;0;0;0;0;0;0;0;0;0;0;0;0;0;0;0;0;0;0;0;0;0;0;0;0;0;0;0;0;0;0;0;0;0;0;0;0;0;0;1
MC2E;Engenharia civil (Porto): projetos de estruturas (EST) e geotecnia (GET) para edifícios, inspeção de estruturas existentes;223 745 433;223 745 435;engenharia@mc2e.pt;www.mc2e.pt;0;0;0;0;0;1;0;0;1;0;0;;04/02/1998; 65 000 € ; 1 500 000 € ;2024;28;0;0;0;1;0;0;0;0;0;0;0;0;0;0;0;0;0;0;0;1;0;0;0;0;0;0;0;0;0;0;0;0;0;0;0;0;0;0;0;0
MECH Consultores;Projeto integrado de edifícios: arquitetura (ARQ) e especialidades de engenharia (estruturas EST, instalações AVAC/Eletricidade ACV/IEL) – foco em projetos industriais e comerciais;239 482 107;239 482 109;geral@mechconsultores.com;www.mechconsultores.com;0;0;1;0;1;1;0;1;0;0;0;;20/10/1993; 25 000 € ; 1 399 322 € ;2024;18;0;0;1;1;0;1;0;0;1;0;0;0;0;0;0;0;0;0;0;0;0;0;0;0;0;0;0;0;0;0;0;0;0;0;0;0;0;0;0;0
MEDIO;Gestão de projetos (PM) e consultoria técnica na fase de concepção – não elabora projetos detalhados;229 479 400;229 479 401;medio@medio.pt;www.medio.pt;0;0;0;0;0;0;1;0;0;0;0;;29/11/1991; 24 940 € ; 200 062 € ;2024;12;0;0;0;0;0;0;0;0;0;0;0;0;0;0;0;0;0;0;0;0;0;0;0;0;0;0;0;0;0;0;0;0;0;0;0;0;0;0;0;1
MICROPROCESSADOR;;229 409 000;;;microprocessador.pt;0;0;0;0;1;0;1;0;0;0;0;✓;;;;;;0;0;0;0;0;0;0;0;0;0;0;0;0;0;0;0;0;0;0;0;0;0;0;0;0;0;0;0;0;0;0;0;0;0;1;0;0;0;1;0
MIGUEL SARAIVA & ASSOCIADOS;Arquitetura e urbanismo: grande escritório de arquitetura com atuação global (projetos arquitetônicos de edifícios icônicos, planos urbanísticos) – ARQ;213 939 340;;geral@msa.com.pt;www.saraivaeassociados.com;0;0;1;0;0;0;0;0;0;0;0;;11/07/1996; 528 000 € ; 12 334 993 € ;2024;70;0;0;1;0;0;0;0;0;0;0;0;0;0;0;0;0;0;0;0;0;0;0;0;0;0;0;0;0;0;0;0;0;0;0;0;0;0;0;0;0
Miguel Viseu;;217601068;;info@miguelviseucoelho-arq.com;miguelviseucoelho-arq.com;0;0;1;0;0;0;0;0;0;0;0;✓;;;;;;0;0;1;0;0;0;0;0;0;0;0;0;0;0;0;0;0;0;0;0;0;0;0;0;0;0;0;0;0;0;0;0;0;0;0;0;0;0;0;0
MITIGA ;Gestão integrada de construção: fiscalização, coordenação de segurança, controle de custos/prazos – não elabora projetos;282 096 027;;geral@mitiga.pt;www.mitiga.pt;0;0;0;0;0;0;0;0;0;0;0;;11/06/2025; 5 000 € ;;;1;0;0;0;0;0;0;0;0;0;0;0;0;0;0;0;0;0;0;0;0;0;0;0;0;0;0;0;0;0;0;0;0;0;0;0;0;0;0;0;0
Mota Engil;;214158200;;;www.mota-engil.com;0;0;0;0;0;0;1;0;0;0;0;✓;;;;;;0;1;0;0;0;0;0;0;0;0;0;0;0;0;0;0;0;0;0;0;0;0;0;0;0;0;0;0;0;0;0;0;0;0;0;0;0;0;0;1
MSW;Engenharia marítima: projetos de obras costeiras e portuárias (molhes, cais – OAT), modelação de agitação marítima, estudos costeiros e de dragagem (AMB);296 287 031;;geral@msw-consultores.pt;www.msw-consultores.pt;0;1;0;0;0;1;0;0;0;0;0;;25/08/2014; 200 000 € ; 164 058 € ;2017;10;0;0;0;0;0;0;0;0;0;0;0;0;0;0;0;0;0;1;0;0;0;0;0;0;0;0;0;0;0;0;1;0;0;0;0;0;0;0;0;0
MULTIPROJECTUS.COM;Consultoria em engenharia e telecom: gestão de projetos de TI e telecomunicações, integração tecnológica em edifícios – não executa projetos civis clássicos;253 059 343;;geral@multiprojectus.com;www.multiprojectus.com;0;0;0;0;1;0;0;0;0;0;0;;17/07/2015; 5 010 € ; 250 000 € ;2020;20;0;0;0;0;0;0;0;0;0;0;0;0;0;0;0;0;0;0;0;0;0;0;0;0;0;0;0;0;0;0;0;0;0;0;1;0;0;0;0;0
NEMUS;Ambiente: estudos de impacte ambiental, planos de recuperação ambiental, ordenamento sustentável – AMB;217 103 160;217 103 169;nemus@nemus.pt;www.nemus.pt;0;1;0;0;0;0;0;0;1;0;0;✓;06/03/1997; 74 820 € ; 1 534 480 € ;2023;28;0;0;0;0;0;0;0;0;0;0;0;0;0;0;0;0;0;1;1;0;0;0;0;0;0;0;0;0;0;0;0;0;0;0;0;0;0;0;0;0
NEWTON-C;Engenharia civil (Coimbra): projetos de estruturas (EST) e vias municipais (TRA), consultoria em engenharia forense (perícias técnicas);225 076 090;;geral@newton.pt;www.newton.pt;0;0;1;0;0;1;0;0;0;0;0;;26/09/1990; 100 000 € ; 1 100 000 € ;2024;18;0;0;0;1;0;0;0;0;0;0;0;0;0;0;0;0;0;0;0;0;0;0;1;0;0;0;0;0;0;0;0;0;0;0;0;0;0;0;0;0
NLA;Arquitetura e urbanismo: escritórios, hotéis e residências de alto padrão – ARQ;214 544 430;214 544 439;adm@nla.pt;www.nla.pt;0;0;1;0;0;0;0;0;0;0;0;;28/06/1993; 26 000 € ; 1 028 863 € ;2024;34;0;0;1;0;0;0;0;0;0;0;0;0;0;0;0;0;0;0;0;0;0;0;0;0;0;0;0;0;0;0;0;0;0;0;0;0;0;0;0;0
NORAQUA;Engenharia hidráulica e sanitária: projetos de abastecimento de água, ETAR, drenagem urbana (AAD, AED), gestão de recursos hídricos;228 349 550;228 349 559;noraqua@noraqua.pt;www.noraqua.pt;1;0;0;0;0;0;0;0;0;0;0;;31/07/1981; 9 000 € ; 922 408 € ;2024;10;0;0;0;0;1;0;0;0;0;0;1;0;0;0;0;0;0;0;0;0;0;0;0;0;0;0;0;0;0;0;0;0;0;0;0;0;0;0;0;0
NORMA-AÇORES;Consultoria em desenvolvimento regional: estudos económicos, ordenamento do território, apoio técnico a projetos regionais (inclui componente de engenharia civil leve);296 209 650;;geral@norma-acores.pt;www.norma-acores.pt;0;0;0;1;0;0;0;0;0;0;0;✓;29/12/1984; 400 000 € ; 4 054 861 € ;2024;63;1;0;0;0;0;0;0;0;0;0;0;0;0;0;0;0;0;0;0;0;0;0;0;0;0;0;0;0;0;0;0;0;0;0;0;0;0;0;0;0
NORMALURBE II;Urbanismo e projetos urbanos: loteamentos, planos de urbanização, requalificação urbana (AEX), pequenos projetos de arruamentos (TRA);219 265 070;219 265 078;normalurbe@normalurbe.pt;www.normalurbe.pt;0;0;1;0;0;0;0;0;0;0;0;;09/05/2013; 50 500 € ; 560 038 € ;2024;7;0;0;0;0;0;0;0;0;0;0;0;0;0;0;0;0;0;0;0;0;0;1;1;0;0;0;0;0;0;0;0;0;0;0;0;0;0;0;0;0
NRV | NORVIA;NORVIA – Consultores de Eng., S.A.**;259 309 200;259 309 204;vilareal@nrv-norvia.com;www.nrv-norvia.com;0;0;0;1;0;1;1;0;1;0;0;✓;01/09/1987; 400 000 € ; 18 154 683 € ;2024;126;1;1;0;1;0;0;0;0;0;0;0;0;0;0;0;0;0;0;0;0;0;0;0;1;0;0;0;0;0;0;0;0;0;0;0;0;0;0;0;0
NÚCLEO ENGENHARIA;Engenharia consultiva (Brasil/PT): gerenciamento de projetos de engenharia, consultoria técnica – foco em gestão, não em projeto detalhado;211 245 493;;nucleo@nucleoeng.com.br;www.nucleoeng.com;0;0;0;1;0;0;0;0;0;0;0;;30/06/2023; 10 000 € ;;;1;1;0;0;0;0;0;0;0;0;0;0;0;0;0;0;0;0;0;0;0;0;0;0;0;0;0;0;0;0;0;0;0;0;0;0;0;0;0;0;0
OCEANING ;Engenharia oceânica e costeira: projetos de obras marítimas (portos, marinas – OAT), energias renováveis offshore, estudos de impacto costeiro (AMB);217 780 088;;geral@oceaning.pt;www.oceaning.pt;0;1;0;0;0;1;0;0;0;0;0;;27/11/2018; 81 250 € ; 441 900 € ;2024;5;0;0;0;0;0;0;0;0;0;0;0;0;0;0;0;0;0;1;0;0;0;0;0;0;0;0;0;0;0;0;1;0;0;0;0;0;0;0;0;0
OPEN BOOK;;21 09 60 610;;geral@openbook.pt;openbook.pt;0;0;1;1;0;0;1;0;0;0;0;✓;;;;;;1;1;1;0;0;0;0;0;0;0;0;0;0;0;0;0;0;0;0;0;0;0;0;0;0;0;0;0;0;0;0;0;0;0;0;0;0;0;0;0
OPTIMYZER ;Value engineering: revisão e otimização de projetos de engenharia existentes (todas as disciplinas) visando redução de custos e melhoria de desempenho – não elabora projeto original;218 289 662;;geral@optimyzer.pt;www.optimyzer.pt;0;0;0;1;0;0;0;0;0;0;0;;19/05/2008; 5 000 € ; 680 335 € ;2024;8;1;0;0;0;0;0;0;0;0;0;0;0;0;0;0;0;0;0;0;0;0;0;0;0;0;0;0;0;0;0;0;0;0;0;0;0;0;0;0;0
OTIS;;219268200;;;www.otis.com;0;0;0;0;0;0;0;1;0;0;0;✓;;;;;;0;0;0;0;0;0;0;0;0;0;0;0;0;0;0;0;0;0;0;0;0;0;0;0;0;0;0;0;0;0;0;0;0;0;0;0;0;1;0;0
OZ;"Inspeção de estruturas: avaliações de segurança e qualidade de estruturas e fundações, monitorização estrutural – não faz projetos novos; foca em diagnóstico";213 563 371;;ger@oz-diagnostico.pt;www.oz-diagnostico.pt;0;0;0;1;0;1;0;0;0;0;0;;01/09/1988; 200 000 € ; 1 050 000 € ;2023;12;1;0;0;1;0;0;0;0;0;0;0;0;0;0;0;0;0;0;0;0;0;0;0;0;0;0;0;0;0;0;0;0;0;0;0;0;0;0;0;0
P2S II PROJECT;Projetos de engenharia e consultoria (Lisboa): abrange arquitetura e especialidades de engenharia em edifícios de médio porte – ARQ, EST, ACV, IEL (e coordenação geral);210 107 979;;info@p2s.pt;www.p2s.pt;0;0;1;0;1;1;0;1;0;0;0;;04/05/2021; 50 000 € ; 850 851 € ;2023;13;0;0;1;1;0;1;0;0;1;0;0;0;0;0;0;0;0;0;0;0;0;0;0;0;0;0;0;0;0;0;0;0;0;0;0;0;0;0;0;0
PAULO PEREIRA;Engenharia civil (Porto): projetos estruturais de moradias e edifícios (EST), legalizações, direção de obra;224 643 411;;geral@ppsec.pt;www.ppsec.pt;0;0;0;0;0;1;0;0;0;0;0;;30/08/1990; 150 000 € ; 2 958 303 € ;2023;37;0;0;0;1;0;0;0;0;0;0;0;0;0;0;0;0;0;0;0;0;0;0;0;0;0;0;0;0;0;0;0;0;0;0;0;0;0;0;0;0
PCG CONSULPLANO VIATÚNEL;Projetos de vias e túneis: traçados rodoviários e ferroviários (TRA), projetos de pavimentação e túneis (PAV, obras subterrâneas) – experiência em obras de arte especiais;213 592 600;;geral@consulplano.pt;;0;0;1;0;0;0;0;0;1;0;0;;30/12/2014; 1 000 000 € ; 1 094 838 € ;2024;14;0;0;0;0;0;0;0;0;0;0;0;0;0;0;0;0;0;0;0;0;0;0;1;1;0;0;0;0;0;0;0;0;0;0;0;0;0;0;0;0
PCG PROFABRIL XXI;Engenharia multidisciplinar: sucessora da Profabril, atua em projetos industriais e de infraestrutura (estruturas, eletrificação, mecânica, instrumentação) – EST, IEL, ACV, etc.;218 459 470;218 459 479;geral@profabrilxxi.com;www.profabril.com;0;0;0;0;1;1;0;1;0;0;0;;05/01/1996; 2 950 000 € ; 754 589 € ;2024;13;0;0;0;1;0;1;0;0;1;0;0;0;0;0;0;0;0;0;0;0;0;0;0;0;0;0;0;0;0;0;0;0;0;0;0;0;0;0;0;0
PENGEST;Planejamento urbano e engenharia: planos diretores municipais, projetos de urbanização (AEX, TRA) e gestão de projetos públicos – foco em estudos e planejamento;217 963 214;217 963 046;geral@pengest.pt;;0;0;1;0;0;0;0;0;0;0;0;✓;05/05/1982; 192 759 € ; 6 082 610 € ;2024;27;0;0;0;0;0;0;0;0;0;0;0;0;0;0;0;0;0;0;0;0;0;1;1;0;0;0;0;0;0;0;0;0;0;0;0;0;0;0;0;0
PERRY DA CÂMARA;Engenharia civil (Açores): projetos de estruturas (EST) e redes prediais em edifícios, fiscalização de obras locais;213 920 900;213 920 909;mail@pcaengenharia.pt;www.pcaengenharia.pt;0;0;0;0;0;1;0;0;0;0;0;;20/04/1993; 46 000 € ; 441 900 € ;2024;8;0;0;0;1;0;0;0;0;0;0;0;0;0;0;0;0;0;0;0;0;0;0;0;0;0;0;0;0;0;0;0;0;0;0;0;0;0;0;0;0
PLANN ENGINEERING;Engenharia civil e arquitetura (Algarve): projetos de arquitetura (ARQ) e estabilidade (EST) para habitação, especialidades prediais (redes de água/esgoto);282 418 376;;info@plann.pt;www.plann.pt;0;0;1;0;0;1;0;0;0;0;0;;18/02/2013; 2 000 € ; 529 433 € ;2024;4;0;0;1;1;0;0;0;0;0;0;0;0;0;0;0;0;0;0;0;0;0;0;0;0;0;0;0;0;0;0;0;0;0;0;0;0;0;0;0;0
PLENGIL;Engenharia civil (Madeira): projetos estruturais (EST) e consultoria técnica, gestão de obras locais;291 220 166;;geral@plengil.com;www.plengil.com;0;0;0;0;0;1;0;0;0;0;0;;19/12/2016; 8 000 € ; 2 952 802 € ;2024;42;0;0;0;1;0;0;0;0;0;0;0;0;0;0;0;0;0;0;0;0;0;0;0;0;0;0;0;0;0;0;0;0;0;0;0;0;0;0;0;0
PMT;"Coordenação e gestão de projetos (PM) em construção civil – não elabora projetos técnicos; foca em controle de empreendimentos";211 945 513;;geral@pmt-engenharia.pt;www.pmt-engenharia.pt;0;0;0;0;0;0;1;0;0;0;0;;22/04/2016; 5 000 € ; 2 801 274 € ;2024;81;0;0;0;0;0;0;0;0;0;0;0;0;0;0;0;0;0;0;0;0;0;0;0;0;0;0;0;0;0;0;0;0;0;0;0;0;0;0;0;1
PPGOB;Gestão de obras públicas: fiscalização, medição e controle de qualidade em obras de infraestrutura – não realiza projetos;224 643 411;;geral@ppgob.pt;;0;0;0;1;0;0;0;0;0;0;0;;27/03/2017; 5 000 € ; 949 305 € ;2024;13;1;0;0;0;0;0;0;0;0;0;0;0;0;0;0;0;0;0;0;0;0;0;0;0;0;0;0;0;0;0;0;0;0;0;0;0;0;0;0;0
PROENGEL;Arquitetura e engenharia integrada: projetos de edificações residenciais e comerciais completos – ARQ, EST, ACV, IEL, etc. (atuação “chave-na-mão” em projeto);217 121 080;;geral@proengel.pt;www.proengel.pt;0;0;1;0;1;1;0;1;0;0;0;✓;06/04/1988; 100 000 € ; 876 418 € ;2023;7;0;0;1;1;0;1;0;0;1;0;0;0;0;0;0;0;0;0;0;0;0;0;0;0;0;0;0;0;0;0;0;0;0;0;0;0;0;0;0;0
PROFICO;Engenharia civil e infraestrutura: projetos de vias municipais, obras de urbanização (TRA, AEX), estruturas de contenção e estabilização de solos (EST, GET);213 619 380;;profico@profico.pt;www.profico.pt;0;0;0;0;0;1;0;0;1;0;0;✓;10/12/1991; 400 000 € ; 4 565 245 € ;2024;40;0;0;0;1;0;0;0;0;0;0;0;0;0;0;0;0;0;0;0;1;0;0;0;0;0;0;0;0;0;0;0;0;0;0;0;0;0;0;0;0
PROFICO AMBIENTE;Consultoria ambiental e ordenamento: estudos de ordenamento do território, planeamento ambiental estratégico, sem execução de projetos de engenharia;213 619 360;;ambiente@profico.pt;www.proficoambiente.pt;0;1;0;1;0;0;0;0;0;0;0;;19/12/2000; 30 000 € ; 624 825 € ;2023;7;1;0;0;0;0;0;0;0;0;0;0;0;0;0;0;0;0;1;0;0;0;0;0;0;0;0;0;0;0;0;0;0;0;0;0;0;0;0;0;0
PROMENG;Gestão de construção: serviços de fiscalização e gestão de contratos de engenharia (foco em projetos internacionais) – não elabora projetos técnicos;211 645 965;;comercial@promeng.pt;www.promeng.pt;0;0;0;1;0;0;1;0;0;0;0;;17/03/2018; 1 200 € ; 762 030 € ;2024;15;1;0;0;0;0;0;0;0;0;0;0;0;0;0;0;0;0;0;0;0;0;0;0;0;0;0;0;0;0;0;0;0;0;0;0;0;0;0;0;1
PROSIRTEC;Engenharia eletromecânica e segurança: projetos de instalações de segurança (CCTV, controle de acessos – MBT), telecom e AVAC (ACV), consultoria em manutenção predial;214 711 360;;geral@prosirtec.pt;www.prosirtec.pt;0;0;0;0;1;0;0;1;0;0;0;;17/07/1990; 6 000 € ; 659 000 € ;2023;13;0;0;0;0;0;0;1;0;1;0;0;0;0;0;0;0;0;0;0;0;0;0;0;0;0;0;0;0;0;0;0;0;0;0;0;0;0;0;0;0
PROSPECTIVA;Arquitetura e engenharia multidisciplinar: projetos de edifícios (ARQ, EST, ACV, IEL, GAS, SCI), infraestruturas viárias e hidráulicas (TRA, AAD/AED) – atuação ampla em Portugal e PALOP;217 711 970;217 742 322;sede@prospectiva.pt;www.prospectiva.pt;1;0;1;0;1;1;0;1;0;1;0;✓;28/11/1986; 500 200 € ; 12 433 498 € ;2024;196;0;0;1;1;1;1;0;0;1;1;1;1;0;0;0;0;0;0;0;0;0;0;1;0;0;0;0;0;0;0;0;0;0;0;0;0;0;0;0;0
QUADRANTE;Engenharia global: projetos de aeroportos (pistas, balizamento – TRA, SLU, PTL), edifícios (EST, ACV, IEL, SCI), infraestrutura industrial, consultoria BIM – atuação em praticamente todas as especialidades de engenharia;210 067 200;210 067 299;quadrante@qd-eng.com;www.qd-eng.com;0;0;1;0;1;1;0;1;0;1;0;✓;20/02/1998; 500 000 € ; 43 189 339 € ;2024;511;0;0;0;1;0;1;0;0;1;0;0;1;0;0;0;0;0;0;0;0;0;0;1;0;0;1;0;0;0;0;0;0;0;0;0;0;1;0;0;0
RIPÓRTICO;Engenharia civil e arquitetura: projetos de pontes e viadutos (OAT), estradas (TRA/PAV), edifícios públicos (ARQ, EST), supervisão de obras – enfoque em obras públicas;232 691 707;232 691 144;geral@riportico.com;www.riportico.com;0;0;1;0;0;1;0;0;1;0;0;✓;02/01/2004; 600 000 € ; 3 254 611 € ;2019;109;0;0;1;1;0;0;0;0;0;0;0;0;0;0;0;0;0;0;0;0;0;0;1;1;0;0;0;0;0;0;1;0;0;0;0;0;0;0;0;0
RÓTULA;Engenharia e gestão: projetos de estruturas (EST) e fundações, e gestão de obras residenciais – escritório de pequeno porte;914 518 400;223 173 244;rotula@sapo.pt;www.rotula.pt;0;0;0;1;0;1;0;0;0;0;0;;26/06/2000; 10 000 € ; 97 400 € ;2024;2;1;0;0;1;0;0;0;0;0;0;0;0;0;0;0;0;0;0;0;0;0;0;0;0;0;0;0;0;0;0;0;0;0;0;0;0;0;0;0;0
ROCKBUILDING;;21 799 67 00;;mail@rockbuilding.com;www.rockbuilding.com;0;0;0;1;0;1;0;0;0;0;0;✓;;;;;;1;0;0;1;0;0;0;0;0;0;0;0;0;0;0;0;0;0;0;0;0;0;0;0;0;0;0;0;0;0;0;0;0;0;0;0;0;0;0;0
SAFRE;; 217 110 008;;mailbox@safre.pt;www.safre.pt;0;0;1;1;0;1;0;0;0;0;0;✓;;;;;;1;0;1;1;0;0;0;0;0;0;0;0;0;0;0;0;0;0;0;0;0;0;0;0;0;0;0;0;0;0;0;0;0;0;0;0;0;0;0;0
SANDILOR;;217 541 800;;geral@sandilor.pt;sandilor.pt;0;0;1;1;0;1;0;0;0;0;0;✓;;;;;;1;0;1;1;0;0;0;0;0;0;0;0;0;0;0;0;0;0;0;0;0;0;0;0;0;0;0;0;0;0;0;0;0;0;0;0;0;0;0;0
SENER-ENGIVIA;Engenharia multidisciplinar: projetos de infraestrutura de transportes (metróleis, ferrovias – TRA), arquitetura industrial, engenharia mecânica e naval – suporte local do grupo SENER (Espanha);217 529 160;;geral@sener-engivia.pt;www.sener-engivia.pt;0;0;1;0;0;0;0;0;0;0;0;✓;17/02/1998; 160 000 € ; 4 451 098 € ;2022;28;0;0;0;0;0;0;0;0;0;0;0;0;0;0;0;0;0;0;0;0;0;0;1;0;0;0;0;0;0;0;0;0;0;0;0;0;0;0;0;0
SIPCA;Engenharia civil: tradicional consultora com foco em estruturas de edifícios (EST), pontes (OAT) e obras de arte especiais, além de fiscalização de obras;213 929 400;213 929 401;geral@sipca.pt;www.sipca.pt;0;0;0;0;0;1;0;0;0;0;0;✓;11/11/1991; 125 000 € ; 501 000 € ;2023;17;0;0;0;1;0;0;0;0;0;0;0;0;0;0;0;0;0;0;0;0;0;0;0;0;0;0;0;0;0;0;1;0;0;0;0;0;0;0;0;0
SISTOPO;;212 476 756;;geral@sistopo.pt;sistopo.pt;0;0;0;1;0;0;0;0;0;0;0;✓;;;;;;0;0;0;0;0;0;0;0;0;0;0;0;0;0;0;0;0;0;0;0;0;0;0;0;0;0;0;0;0;0;0;0;1;0;0;0;0;0;0;0
SOPSEC;Serviços de engenharia civil: fiscalização de obras, consultoria técnica e projetos de estruturas (EST) de edificações correntes;227 718 800;227 718 819;sopsec@sopsec.pt;www.sopsec.pt;0;0;0;0;0;1;0;0;0;0;0;;25/03/1988; 300 000 € ; 7 469 195 € ;2024;122;0;0;0;1;0;0;0;0;0;0;0;0;0;0;0;0;0;0;0;0;0;0;0;0;0;0;0;0;0;0;0;0;0;0;0;0;0;0;0;0
SOPSEC Açores;Serviços de engenharia (Açores): fiscalização e gestão de obras públicas locais, consultoria a municípios – projetos via matriz (SOPSEC);296 281 130;;sopsecacores@sopsecacores.pt;www.sopsecacores.pt;0;0;0;1;0;0;1;0;0;0;0;;19/12/2011; 5 000 € ; 23 626 € ;2013;2;1;0;0;0;0;0;0;0;0;0;0;0;0;0;0;0;0;0;0;0;0;0;0;0;0;0;0;0;0;0;0;0;0;0;0;0;0;0;0;1
SOTECNICA;;219 737 000;;geral@sotecnica.pt;www.sotecnica.pt;0;0;0;0;0;0;0;0;0;0;0;✓;;;;;;0;0;0;0;0;0;0;0;0;0;0;0;0;0;0;0;0;0;0;0;0;0;0;0;0;0;0;0;0;0;0;0;0;0;0;0;0;0;0;0
SPEED OF LIGHT;"Consultoria e supervisão em engenharia elétrica e iluminação pública; projetos de eficiência energética e gestão de obras de iluminação – IEL, MBT";224 931 374;;solgeral@speed-of-light.pt;;0;0;0;0;1;0;0;0;0;0;0;;23/02/2012; 14 000 € ; 410 000 € ;2024;7;0;0;0;0;0;1;1;0;0;0;0;0;0;0;0;0;0;0;0;0;0;0;0;0;0;0;0;0;0;0;0;0;0;0;0;0;0;0;0;0
STRUCONCEPT;"Engenharia de estruturas: projetos estruturais em betão, aço e madeira (EST) para edifícios e pontes; reforço e reabilitação estrutural";220 939 525;220 939 524;geral@struconcept.pt;www.struconcept.pt;0;0;0;0;0;1;0;0;0;0;0;;27/08/2025; 7 200 € ; 1 188 000 € ;2023;17;0;0;0;1;0;0;0;0;0;0;0;0;0;0;0;0;0;0;0;0;0;0;0;0;0;0;0;0;0;0;0;0;0;0;0;0;0;0;0;0
TABIQUE;Reabilitação e estruturas tradicionais: projetos de reforço de construções antigas (estruturas em madeira/alvenaria – EST), consultoria em conservação do patrimônio;253 220 575;;tabique@tabique.pt;www.tabique.pt;0;0;0;0;0;1;0;0;0;0;0;;13/05/1997; 500 000 € ; 5 040 779 € ;2024;68;0;0;0;1;0;0;0;0;0;0;0;0;0;0;0;0;0;0;0;0;0;0;0;0;0;0;0;0;0;0;0;0;0;0;0;0;0;0;0;0
TAL PROJECTO;Engenharia civil (Lisboa): projetos de estabilidade de edifícios (EST), projetos de abastecimento e drenagem predial (AAD/AED), coordenação de segurança em obra;213 929 450;213 929 459;geral@talprojecto.pt;www.talprojecto.pt;1;0;0;0;0;1;0;0;0;0;0;✓;13/08/1985; 8 988 € ; 889 833 € ;2024;12;0;0;0;1;1;0;0;0;0;0;1;0;0;0;0;0;0;0;0;0;0;0;0;0;0;0;0;0;0;0;0;0;0;0;0;0;0;0;0;0
TECHNOEDIF ENGENHARIA;Engenharia industrial e de petróleo: projetos de unidades industriais, refinarias, petroquímica (engenharia de processo, tubulação, estruturas industriais), gestão de construção de plantas – inclui especialidades mecânica, elétrica, instrumentação;214 706 600;214 706 604;technoedif@technoedif.com;www.technoedif.com;0;0;0;0;0;0;0;1;0;0;0;;15/01/1965; 1 000 000 € ; 22 939 900 € ;2024;350;0;0;0;0;0;0;0;0;0;0;0;0;0;0;0;0;0;0;0;0;0;0;0;0;0;0;1;0;0;0;0;0;0;0;0;0;0;0;0;0
TECNOFISIL;Engenharia estrutural e sísmica: projetos de estruturas de betão armado e pré-esforçado (EST), avaliação sísmica de edifícios existentes, consultoria em engenharia do sismo;213 504 480;;geral@tecnofisil.pt;www.tecnofisil.pt;0;0;0;0;0;1;0;0;0;0;0;;10/05/1988; 500 000 € ; 4 576 795 € ;2016;19;0;0;0;1;0;0;0;0;0;0;0;0;0;0;0;0;0;0;0;0;0;0;0;0;0;0;0;0;0;0;0;0;0;0;0;0;0;0;0;0
TECNOPLANO;Projetos e gestão (multissetorial): projetos de infraestruturas (rodovias, urbanização – TRA, PAV), arquitetura e edificações (ARQ, EST, ACV, IEL), gerenciamento de grandes obras públicas;213 581 960;213 563 734;geral@tecnoplano.pt;www.tecnoplano.pt;0;0;1;0;1;1;0;1;1;0;0;✓;21/12/1972; 600 000 € ; 7 623 415 € ;2024;223;0;0;1;1;0;1;0;0;1;0;0;0;0;0;0;0;0;0;0;0;0;0;1;1;0;0;0;0;0;0;0;0;0;0;0;0;0;0;0;0
TermoOno;;265 528 280;;geral@termoono.pt;termoono.pt;1;0;0;0;0;0;0;0;0;0;0;✓;;;;;;0;0;0;0;1;0;0;0;0;0;1;0;0;0;0;0;0;0;0;0;0;0;0;0;0;0;0;0;0;0;0;0;0;0;0;0;0;0;0;0
TEIXEIRA TRIGO;Arquitetura: escritório de arquitetura reconhecido por projetos culturais e de reabilitação – ARQ;218 535 608;218 519 353;teixeiratrigo@teixeiratrigo.pt;www.teixeiratrigo.com;0;0;1;0;0;0;0;0;0;0;0;;22/04/1982; 100 000 € ; 1 414 853 € ;2024;21;0;0;1;0;0;0;0;0;0;0;0;0;0;0;0;0;0;0;0;0;0;0;0;0;0;0;0;0;0;0;0;0;0;0;0;0;0;0;0;0
TERMOPROJECTO;Engenharia de instalações térmicas: projetos de climatização, eficiência energética e certificação térmica de edifícios – ACV, TER;223 746 870;223 746 879;geral@termoprojecto.pt;www.termoprojecto.pt;0;0;0;0;1;0;0;1;1;0;0;;18/09/1990; 10 000 € ; 317 742 € ;2024;7;0;0;0;0;0;0;0;0;1;0;0;0;0;1;0;0;0;0;0;0;0;0;0;0;0;0;0;0;0;0;0;0;0;0;1;0;0;0;0;0
TETRAPROJECTO;Engenharia civil: projetos de estruturas correntes (EST), pequenos loteamentos (TRA, AED) e coordenação de especialidades em projetos simples;214 768 130;214 754 715;geral@tetraprojecto.pt;www.tetraprojecto.pt;1;0;1;0;0;1;0;0;0;0;0;;31/10/1986; 150 000 € ; 2 123 315 € ;2023;24;0;0;0;1;0;0;0;0;0;0;1;0;0;0;0;0;0;0;0;0;0;0;1;0;0;0;0;0;0;0;0;0;0;0;0;0;0;0;0;0
TIS;Consultoria de transportes: planos de mobilidade, estudos de tráfego, modelagem de transporte público, sistemas de trânsito – não elabora projetos de infraestruturas físicas;213 504 400;213 504 401;global@tis.pt;www.tis.pt;0;0;0;0;0;0;1;0;0;0;0;✓;30/06/1992; 252 000 € ; 2 210 648 € ;2023;32;0;0;0;0;0;0;0;0;0;0;0;0;0;0;0;0;0;0;0;0;0;0;0;0;0;0;0;0;0;0;0;0;0;0;0;0;0;0;0;1
TK AIRPORTS;;34 985 446 820;;;airportsolutions.tkelevator.com;0;0;0;0;0;0;0;1;0;0;0;✓;;;;;;0;0;0;0;0;0;0;0;0;0;0;0;0;0;0;0;0;0;0;0;0;0;0;0;0;0;0;0;0;0;0;0;0;0;0;0;1;0;0;0
TPF;Engenharia e arquitetura (grupo TPF): projetos globais de edifícios (ARQ, EST, ACV, IEL, SCI, etc.), obras viárias e hidráulicas, fiscalização de obras – presença internacional;218 410 400;218 410 409;geral@tpf.pt;www.tpf.pt;0;0;1;0;1;1;0;1;0;0;0;✓;14/05/1980; 3 384 953 € ; 35 200 000 € ;2024;418;0;0;1;1;0;1;0;0;1;0;0;0;0;0;0;0;0;0;0;0;0;0;0;0;0;0;0;0;0;0;0;0;0;0;0;0;0;0;0;0
TPS;;255 433 572 ;;geral@tps.com.pt;www.tps.com.pt;0;0;1;1;0;1;0;0;0;0;0;✓;; 10 000 000 € ;;;250;1;0;1;1;0;0;0;0;0;0;0;0;0;0;0;0;0;0;0;0;0;0;0;0;0;0;0;0;0;0;0;0;0;0;0;0;0;0;0;0
TRIAXIAL (geotecnica);Geotecnia: projetos de fundações, investigações geotécnicas e instrumentação de taludes (GET, GEO), consultoria em geotecnia para obras subterrâneas;925 416 309;;geral@triaxial.pt;www.triaxial.pt;0;0;0;0;0;0;0;0;1;0;0;;29/04/2019; 1 500 € ; 317 215 € ;2024;2;0;0;0;0;0;0;0;0;0;0;0;0;0;0;0;0;0;0;1;1;0;0;0;0;0;0;0;0;0;0;0;0;0;0;0;0;0;0;0;0
TUU;Coordenação de design de edifícios: gestão integrada de projetos de arquitetura e engenharia para edifícios (interface entre arquitetos e engenheiros) – não elabora diretamente as especialidades;239 131 341;;mail@tuu.pt;https://tuu.pt/;0;0;0;0;0;0;1;0;0;0;0;;04/01/2016; 19 500 € ; 5 000 415 € ;2024;14;0;0;0;0;0;0;0;0;0;0;0;0;0;0;0;0;0;0;0;0;0;0;0;0;0;0;0;0;0;0;0;0;0;0;0;0;0;0;0;1
VECONCEPT;Consultoria em otimização de projetos: análises técnicas de projetos de engenharia existentes visando otimização de custo e desempenho (todas especialidades) – sem elaboração de projeto próprio;220 110 040;220 108 340;geral@ve-concept.pt;www.ve-concept.pt;0;0;0;1;0;0;1;0;0;0;0;✓;03/06/2014; 5 500 € ; 785 927 € ;2019;12;1;0;0;0;0;0;0;0;0;0;0;0;0;0;0;0;0;0;0;0;0;0;0;0;0;0;0;0;0;0;0;0;0;0;0;0;0;0;0;1
VFLOW.GES ;Gestão de sistemas de saneamento: consultoria operacional em redes de águas e esgotos (AAD, AED), otimização de sistemas de saneamento e tratamento – AMB;213 521 366;;geral@vflowges.pt;;1;1;0;0;0;0;0;0;0;0;0;;08/04/2009; 8 300 € ; 180 000 € ;2023;;0;0;0;0;1;0;0;0;0;0;1;0;0;0;0;0;0;1;0;0;0;0;0;0;0;0;0;0;0;0;0;0;0;0;0;0;0;0;0;0
VISABEIRA;;;;geral@grupovisabeira.com;;0;0;1;1;0;0;0;0;0;0;0;✓;;;;;;1;0;1;0;0;0;0;0;0;0;0;0;0;0;0;0;0;0;0;0;0;0;0;0;0;0;0;0;0;0;0;0;0;0;0;0;0;0;0;0
VISARQENG;Arquitetura e engenharia (Viseu): projetos arquitetônicos e de engenharia civil integrados (ARQ, EST, ACV, IEL em edificações);232 404 300;;geral@visarqeng.com;www.visarqeng.com;0;0;1;0;1;1;0;1;0;0;0;;14/01/2020; 5 000 € ; 714 387 € ;2024;7;0;0;1;1;0;1;0;0;1;0;0;0;0;0;0;0;0;0;0;0;0;0;0;0;0;0;0;0;0;0;0;0;0;0;0;0;0;0;0;0
VIYELLA & CARVALHO;Engenharia civil (Lisboa): projetos de estruturas e estabilidade (EST) e consultoria em engenharia forense (perícias técnicas);217 572 308;;viyella.lda@gmail.com;;0;0;0;0;0;1;0;0;0;0;0;;02/09/1977; 25 000 € ; 82 875 € ;2022;9;0;0;0;1;0;0;0;0;0;0;0;0;0;0;0;0;0;0;0;0;0;0;0;0;0;0;0;0;0;0;0;0;0;0;0;0;0;0;0;0
VHM;;226 079 110;;vhm.geral@vhm.pt;www.vhm.pt;0;0;0;1;0;0;0;0;0;0;0;✓;;;;;;1;0;0;0;0;0;0;0;0;0;0;0;0;0;0;0;0;0;0;0;0;0;0;0;0;0;0;0;0;0;0;0;0;0;0;0;0;0;0;0
VTM;Planejamento territorial e transportes: estudos de ordenamento viário urbano, logística, planos diretores de transporte – não elabora projetos de engenharia viária detalhados;214 159 600;214 159 608;geral@vtm.pt;www.vtm.pt;0;0;0;1;0;0;0;0;0;0;0;;15/12/1982; 100 000 € ; 1 504 115 € ;2006;12;1;0;0;0;0;0;0;0;0;0;0;0;0;0;0;0;0;0;0;0;0;0;0;0;0;0;0;0;0;0;0;0;0;0;0;0;0;0;0;0
WORKMETHOD;Gestão da construção: acompanhamento de obras, planejamento executivo, gerenciamento de empreiteiros – não elabora projetos técnicos;962 683 248;;workmethod.geral@gmail.com;;0;0;0;1;0;0;0;0;0;0;0;;10/03/2021; 1 000 € ; 90 578 € ;2024;1;1;0;0;0;0;0;0;0;0;0;0;0;0;0;0;0;0;0;0;0;0;0;0;0;0;0;0;0;0;0;0;0;0;0;0;0;0;0;0;0
WW;Engenharia hidráulica marítima: projetos costeiros e portuários (quebra-mares, diques – OAT), modelagem de dinâmica costeira, hidráulica fluvial (AAD, AED), proteções costeiras e drenagem em zonas ribeirinhas;214 412 877;214 412 878;geral@wwsa.pt;;1;0;0;0;0;1;0;0;0;0;0;;14/04/1981; 50 000 € ; 1 288 571 € ;2014;20;0;0;0;0;1;0;0;0;0;0;1;0;0;0;0;0;0;0;0;0;0;0;0;0;0;0;0;0;0;0;1;0;0;0;0;0;0;0;0;0
